<?xml version="1.0" encoding="UTF-8"?>
<project-private xmlns="http://www.netbeans.org/ns/project-private/1">
    <editor-bookmarks xmlns="http://www.netbeans.org/ns/editor-bookmarks/2" lastBookmarkId="0"/>
    <open-files xmlns="http://www.netbeans.org/ns/projectui-open-files/2">
        <group>
            <file>file:/C:/Users/Harshitha%20Gudavalli/Downloads/QuizApp-Java-master/QuizApp-Java-master/src/quizapp/Main.java</file>
            <file>file:/C:/Users/Harshitha%20Gudavalli/Downloads/QuizApp-Java-master/QuizApp-Java-master/src/services/AdminService.java</file>
            <file>file:/C:/Users/Harshitha%20Gudavalli/Downloads/QuizApp-Java-master/QuizApp-Java-master/src/services/StudentService.java</file>
            <file>file:/C:/Users/Harshitha%20Gudavalli/Downloads/QuizApp-Java-master/QuizApp-Java-master/src/models/Question.java</file>
            <file>file:/C:/Users/Harshitha%20Gudavalli/Downloads/QuizApp-Java-master/QuizApp-Java-master/src/quizapp/ui/student/studentDashboard-page.jpg</file>
            <file>file:/C:/Users/Harshitha%20Gudavalli/Downloads/QuizApp-Java-master/QuizApp-Java-master/src/quizapp/ui/admin/AdminDashboard.java</file>
            <file>file:/C:/Users/Harshitha%20Gudavalli/Downloads/QuizApp-Java-master/QuizApp-Java-master/src/quizapp/ui/admin/viewResult-page.jpg</file>
            <file>file:/C:/Users/Harshitha%20Gudavalli/Downloads/QuizApp-Java-master/QuizApp-Java-master/src/quizapp/ui/Login.java</file>
            <file>file:/C:/Users/Harshitha%20Gudavalli/Downloads/QuizApp-Java-master/QuizApp-Java-master/src/repositories/AdminRepository.java</file>
            <file>file:/C:/Users/Harshitha%20Gudavalli/Downloads/QuizApp-Java-master/QuizApp-Java-master/src/quizapp/ui/login-page.jpg</file>
            <file>file:/C:/Users/Harshitha%20Gudavalli/Downloads/QuizApp-Java-master/QuizApp-Java-master/src/quizapp/ui/admin/adminDashboard-page.jpg</file>
            <file>file:/C:/Users/Harshitha%20Gudavalli/Downloads/QuizApp-Java-master/QuizApp-Java-master/src/services/JsonFileService.java</file>
            <file>file:/C:/Users/Harshitha%20Gudavalli/Downloads/QuizApp-Java-master/QuizApp-Java-master/src/quizapp/ui/student/takeExam-page.jpg</file>
            <file>file:/C:/Users/Harshitha%20Gudavalli/Downloads/QuizApp-Java-master/QuizApp-Java-master/src/quizapp/ui/admin/AddQuestion.java</file>
            <file>file:/C:/Users/Harshitha%20Gudavalli/Downloads/QuizApp-Java-master/QuizApp-Java-master/src/quizapp/ui/admin/AddStudent.java</file>
            <file>file:/C:/Users/Harshitha%20Gudavalli/Downloads/QuizApp-Java-master/QuizApp-Java-master/src/quizapp/ui/admin/addStudent-page.jpg</file>
            <file>file:/C:/Users/Harshitha%20Gudavalli/Downloads/QuizApp-Java-master/QuizApp-Java-master/src/services/QuestionService.java</file>
            <file>file:/C:/Users/Harshitha%20Gudavalli/Downloads/QuizApp-Java-master/QuizApp-Java-master/src/quizapp/ui/student/TakeExam.java</file>
            <file>file:/C:/Users/Harshitha%20Gudavalli/Downloads/QuizApp-Java-master/QuizApp-Java-master/src/repositories/StudentRepository.java</file>
            <file>file:/C:/Users/Harshitha%20Gudavalli/Downloads/QuizApp-Java-master/QuizApp-Java-master/src/quizapp/ui/admin/ViewResult.java</file>
            <file>file:/C:/Users/Harshitha%20Gudavalli/Downloads/QuizApp-Java-master/QuizApp-Java-master/src/quizapp/ui/student/StudentDashboard.java</file>
        </group>
    </open-files>
</project-private>
